longitude,latitude,LST,NDVI,NDBI,MNDWI,Albedo,building_density
73.75,18.45,22.04707803307396,0.23708610696262625,0.19816171401974514,-0.2889202426968282,0.2413503696798444,4.818601239329623
73.7504008016032,18.450400801603205,25.019163143482693,0.7556428757689246,0.03609636634412039,-0.07485943157298508,0.34649106931314155,36.005046590097834
73.75080160320641,18.45080160320641,18.216944724566563,0.5587945476302646,-0.19047238371367226,0.12376750152584504,0.2377795591519642,95.67998154842861
73.75120240480962,18.451202404809617,23.47588889774748,0.43879263577733296,0.3137950197069487,0.039334931845736776,0.20733947959763255,50.04011457102012
73.75160320641282,18.451603206412823,28.179083491562285,0.040416776398192855,0.18473117255387927,0.08393668871686988,0.24826373417508998,43.272913601970465
73.75200400801603,18.452004008016033,25.08382266144491,0.04039506830258238,-0.3373830606551087,-0.004729979973569554,0.3484747757311656,45.7699605159294
73.75240480961924,18.45240480961924,31.424304817947306,-0.047724749048620486,0.41092718449384247,0.015365938710711513,0.20056241421126184,20.88827240051637
73.75280561122244,18.452805611222445,25.67344345332302,0.6795585311974417,0.322537242923169,0.10951739093919166,0.15212847794072315,36.87071708647952
73.75320641282565,18.45320641282565,28.18511309257273,0.441003510568888,0.44979991329192404,-0.2501991946844884,0.31360420609923423,36.98132559871766
73.75360721442885,18.453607214428857,25.85099182197186,0.537265320016441,0.22571950838835997,-0.1063450218141157,0.3477934638124246,5.2355020187472405
73.75400801603206,18.454008016032063,27.679914619706935,-0.08147395513377781,0.11341519593578986,-0.26727433490823865,0.13019124355706002,76.75676285179182
73.75440881763527,18.45440881763527,20.739623164131277,0.7729188669457949,-0.08175696370938113,0.19260080479798825,0.17196223382678344,41.6504431903879
73.75480961923847,18.454809619238475,26.237594605866047,0.6491983767203796,0.43272848335401326,0.16643560381196798,0.14259159692829818,82.21798868164232
73.75521042084168,18.455210420841684,28.111223205102558,0.09110519961044855,0.36606388950040836,-0.3763439131788965,0.20438242347465002,85.03480011198954
73.75561122244488,18.45561122244489,19.003027465329925,0.06364247048639055,-0.4547813298938106,0.0233451035094131,0.23510529367162383,21.199405469865805
73.75601202404809,18.456012024048096,19.517336835331907,0.06506405886809044,-0.473633025502748,0.15514899044939956,0.324647901088992,65.73534821701286
73.7564128256513,18.456412825651302,20.3561083541695,0.17381801866358396,-0.1235366331219504,-0.29165479292359986,0.29534427546450226,47.22818041629817
73.75681362725452,18.45681362725451,26.096619925281136,0.372280788469014,0.3105533307818329,-0.05923286166842229,0.2862785702435294,88.0156737921485
73.75721442885772,18.457214428857714,26.94612204853355,0.2887505167779042,0.48727612931494446,0.1492929785528252,0.20571248398289635,21.57406791764541
73.75761523046093,18.45761523046092,19.038253804320437,0.16210622617823775,-0.3495831088964718,-0.37963241284852073,0.35243426592542804,67.78132003100443
73.75801603206413,18.458016032064126,23.95781035400086,0.4506676052501416,0.09413071535213513,0.018452160348103985,0.2413861502194494,60.775212225272256
73.75841683366734,18.458416833667332,25.769189622892927,0.025544474586837645,-0.11910914336897849,-0.22159059557646954,0.3937314814045464,29.53014775718328
73.75881763527055,18.45881763527054,30.261967968741022,0.16293018368169634,0.4699143978146032,0.15463771722591835,0.2902426414887211,13.660090365117261
73.75921843687375,18.459218436873748,24.91681003110071,0.22972565896432254,0.3421189231357087,0.18263494709922068,0.13787942246935084,65.16397604772766
73.75961923847696,18.459619238476954,25.346529913279213,0.3104629857953324,0.33832870471113785,0.16655989346806044,0.30285326862263023,73.85974581323308
73.76002004008016,18.46002004008016,23.064796553663466,0.6066583652537123,-0.03130684020502972,-0.11547147000552171,0.1975312046295097,31.562734376335
73.76042084168337,18.460420841683366,22.27593191335657,0.07970640394252376,-0.08518049766233482,0.11722559059358806,0.3058981590058293,64.48326040223138
73.76082164328658,18.46082164328657,20.58306602145027,0.3628109945722504,-0.22659292806929376,0.10672963912104227,0.12089234444872174,39.51309076115032
73.76122244488978,18.461222444889778,19.22296755516691,0.4331731119758383,-0.4436245033490729,-0.20853971605404661,0.15246443115278782,71.32068832826177
73.76162324649299,18.461623246492984,27.485680223015088,-0.05819462855200205,0.3647223762550532,0.09734928449040647,0.35672117767173595,19.92152748940531
73.7620240480962,18.462024048096193,26.05312151696324,0.4467903667112946,0.31290100913007757,-0.37779541917070447,0.1681538671070545,89.02150026361744
73.7624248496994,18.4624248496994,27.72877993389119,0.053471711318562376,0.4997176732861306,-0.04223807291076814,0.35111233757288207,28.74095964655797
73.7628256513026,18.462825651302605,29.271584736378475,-0.04145356631324844,0.4966368370739054,-0.26199469762737815,0.18378282653632316,36.77859877561529
73.76322645290581,18.46322645290581,22.264005039600082,0.7539969835279999,0.055431705602627446,-0.3276598685336327,0.2928645730176123,5.8091952080349785
73.76362725450902,18.463627254509017,21.45503940267209,0.7690688297671034,0.2689874151805105,-0.35382807902247454,0.3082451720529493,11.15122123212764
73.76402805611222,18.464028056112223,26.970581339240805,0.6275576133048151,0.444765729882428,0.017773265526883908,0.2537964259435159,51.58619027123281
73.76442885771543,18.46442885771543,27.596255247103926,0.1741523922560336,0.34964739067741146,-0.1960750217391603,0.19159320300901939,26.75926767279715
73.76482965931864,18.464829659318635,23.36269143602897,-0.012095097394254517,-0.25265189825680234,0.03486006291725691,0.16379331291132887,83.54802257421944
73.76523046092184,18.46523046092184,22.26226393489322,0.5158097238609413,-0.04945586468990648,-0.3607861955206346,0.10995680636872787,1.4693388654953843
73.76563126252505,18.46563126252505,21.85711857464751,0.29613724436564115,-0.370840584848505,-0.21082579730163378,0.19118392037221715,37.90940486719362
73.76603206412825,18.466032064128257,29.67917496975758,0.009834411360300943,0.4540510272587224,-0.07630522457479766,0.2959488371593849,33.73455467690927
73.76643286573146,18.466432865731463,23.689341937320204,0.3456592191001432,0.10617463445088005,0.07443389890337815,0.38149144553454484,1.9327630917601035
73.76683366733467,18.46683366733467,22.81512596456457,-0.06905033099630345,-0.2713571944965373,-0.20874849824075806,0.3613613446789157,12.436839900051023
73.76723446893787,18.467234468937875,23.94001207825863,0.7183883618709039,0.17170068440585673,-0.024465174137794532,0.3298194329605908,41.36426749186353
73.76763527054108,18.46763527054108,25.59006259286744,0.13290198344001522,0.11812824045789583,0.13158664894171235,0.3365342029759897,49.28645844474466
73.76803607214428,18.468036072144287,21.161164437541306,0.49627005591858386,-0.1418372819671595,-0.030482087090617227,0.2994954710427986,40.42897472548691
73.76843687374749,18.468436873747493,19.17988854788381,0.18053996848046985,-0.386442407800371,-0.26022431514781974,0.17808605726980092,53.093767841209385
73.7688376753507,18.468837675350702,23.881074484301426,0.36806121906002975,0.1715731955927996,-0.38535953106607723,0.372158509211749,59.51316749056815
73.7692384769539,18.469238476953908,21.138972844293637,0.3920392514089517,0.020307700903793302,0.122059324340558,0.30121969357175027,0.992382112783563
73.76963927855711,18.469639278557114,30.015703982271933,0.06636900997297435,0.2723183917356393,-0.38723835348976776,0.268132189294132,46.409515945350385
73.77004008016033,18.47004008016032,19.472709333092492,0.7726261649881028,0.020163501111993387,0.12482100361051973,0.13329684076404433,96.34992408875883
73.77044088176353,18.470440881763526,24.494359501366528,0.5976195410250031,0.3521815003185401,-0.08263771958367278,0.23411666314192767,51.90322801295487
73.77084168336674,18.470841683366732,20.71371225235221,0.7455490474077703,0.05190683877448554,0.16344061910773777,0.2381074813605779,67.75422674589532
73.77124248496995,18.471242484969938,23.425043203846105,0.705344615384884,0.06093797153538627,0.0792699414641993,0.359369082856801,31.18638579168832
73.77164328657315,18.471643286573144,26.133561604495526,0.43810998092997666,0.376653602658345,0.19876046632000255,0.2639944660563366,77.39913781527625
73.77204408817636,18.472044088176354,22.258007713530546,0.7296868115208052,-0.09651713378760296,-0.1895729107289739,0.2141201646911229,77.2921481876115
73.77244488977956,18.47244488977956,20.431700088906968,-0.020356748153272458,-0.36598477154935927,0.06031297335867619,0.3930400985531979,52.129604765413895
73.77284569138277,18.472845691382766,20.324395125582935,0.07638457617723068,-0.471217323686661,-0.1588414518344547,0.1332161779978947,97.60138232792136
73.77324649298598,18.47324649298597,26.594829176749133,-0.05929543998051574,0.255137255673619,-0.11207462781765465,0.22676452849358342,12.555021476265338
73.77364729458918,18.473647294589178,28.45683271676004,0.1927972976869379,0.12030955135346466,-0.023496722068977904,0.1126074025514216,1.6947664889580993
73.77404809619239,18.474048096192384,24.010352248845297,0.2498095607205338,0.20407976809922357,0.12420626851180327,0.32197123623007917,77.0158211757096
73.7744488977956,18.47444889779559,21.873302037447115,0.1442141285965063,-0.28703583849108927,0.1904500815195771,0.3754229656597452,80.71555373648826
73.7748496993988,18.474849699398796,19.085061286082162,0.6458637582367365,-0.36362852441323024,0.06096404831871094,0.18401119886514683,12.020722912057625
73.775250501002,18.475250501002,19.660755332734915,0.22107799402423037,-0.48545533433211807,-0.14933993069959972,0.3575025030397363,26.55828329586061
73.77565130260521,18.47565130260521,22.463738806156194,0.1528410587186427,-0.14941244119340302,-0.14718579863375786,0.18766546913856935,1.755236336662891
73.77605210420842,18.476052104208417,23.762313444734072,0.38842647484242365,0.08991768685463308,0.042549380953334937,0.37323104849317457,29.33086107805647
73.77645290581162,18.476452905811623,23.853998646579555,0.026831802477286393,-0.10775595490026768,-0.2567337125390186,0.3261885710790352,77.31418739186715
73.77685370741483,18.47685370741483,21.04435980440138,0.6219772826786357,-0.06252507797627094,-0.3337155321211632,0.3414720330524316,51.79605277125789
73.77725450901804,18.477254509018035,30.65192772357088,-0.03290442068820626,0.4041586944937484,-0.18722670541553407,0.10540196668013635,34.80955931682881
73.77765531062124,18.47765531062124,22.857347957917703,0.7881982429404656,-0.15174453297669965,-0.22765660500755094,0.3888431071222078,37.17392949063303
73.77805611222445,18.478056112224447,21.328555752251397,0.5950202923669917,0.013989489159810797,-0.22221512772640595,0.318001297621097,0.1353625715468154
73.77845691382765,18.478456913827653,25.387605091139037,0.07884411338075517,0.2836530127411431,-0.25983534937005404,0.19142532861584,29.98005275652359
73.77885771543086,18.478857715430863,24.308155223629605,-0.09503009458875784,-0.10345721767872984,-0.3747440862181829,0.34881839945765414,64.64587416379305
73.77925851703407,18.47925851703407,26.92085458071346,0.6339152856093507,0.12208670022787349,-0.3892756391599517,0.184456359524479,97.41944438163571
73.77965931863727,18.479659318637275,24.737267188198576,0.5361716094628555,0.3623637087467452,0.19263343384161902,0.36182615186983846,84.70608269838995
73.78006012024048,18.48006012024048,29.17334918855808,0.5561064512368886,0.4495206236576421,-0.1433361197584826,0.13377411712358112,2.3594964645529126
73.78046092184368,18.480460921843687,21.016569470318284,0.5941433120173512,-0.35292651907096206,-0.16940401170419098,0.3111057932382387,89.85606046748393
73.78086172344689,18.480861723446893,28.602292956249546,-0.03335981343931868,0.4265876251614944,0.00778836961584195,0.2622095429934731,78.3198413298626
73.7812625250501,18.4812625250501,24.661541771124067,0.22261915568984533,-0.007883706920461808,-0.2690476672809615,0.12896034105863224,78.03761235709804
73.7816633266533,18.481663326653305,25.003628049819305,0.0042821535726167426,-0.24175561170104165,0.1699767103701353,0.17256814847765173,45.79957590035715
73.78206412825651,18.48206412825651,20.63870053446121,0.6767930832880342,-0.040864243761738694,0.07180700864933126,0.10372121088319444,39.80052929545028
73.78246492985971,18.48246492985972,27.190113641977216,0.4609683141448022,0.48003257528547705,-0.3463533986126443,0.24063038963935177,30.29157288331926
73.78286573146292,18.482865731462926,23.06461845716881,0.1978082223673843,-0.007381906007130401,-0.14945153452904297,0.1903795782280001,6.569485895436578
73.78326653306613,18.483266533066132,21.979368430548675,-0.04279748474257873,-0.1712483897124918,0.12747098453729888,0.2795072452893277,22.82353634936991
73.78366733466935,18.483667334669338,24.460671777847768,0.179884089544096,0.13340085431672577,0.1668392133748462,0.18917134231258517,24.66036349780246
73.78406813627255,18.484068136272544,19.602220838518186,0.19266498982407235,-0.25985438122180693,-0.11955909325007813,0.18997573345209542,48.40770697102016
73.78446893787576,18.48446893787575,18.02653068095419,0.5566455605042577,-0.4241366718913361,-0.03195316647357532,0.32295795961948104,74.7444406596694
73.78486973947896,18.484869739478956,17.76482875142007,0.4738017242196918,-0.3711202780893508,-0.29977963234475485,0.11444285079350604,47.38098283979466
73.78527054108217,18.485270541082162,18.138679915670377,0.6984914683186939,-0.37195416104222756,0.19470117568218603,0.3708684985575962,5.784444944716061
73.78567134268538,18.48567134268537,17.56021630258873,0.3249934326457544,-0.34809730648770565,-0.260996979169934,0.3556791623173545,95.77898009882038
73.78607214428858,18.486072144288578,21.846417968093427,0.007634821344471535,-0.36117282735058986,0.16563906448107546,0.300341404967922,94.27243190941122
73.78647294589179,18.486472945891784,24.949439347942054,0.5419203085006955,0.1408747448032146,-0.01021201060457888,0.27796647103221533,78.51895431484084
73.786873747495,18.48687374749499,15.904664661358225,0.5847065437552077,-0.3181199156008552,-0.03535792307268448,0.3676907494418957,99.13279015642206
73.7872745490982,18.487274549098196,21.992010298947257,0.4051494778125466,-0.1543327166761368,-0.09238689339009482,0.15559905385861433,54.448233280026294
73.7876753507014,18.4876753507014,27.840035277974533,0.593870461959105,0.39678840990601183,-0.26159811296934476,0.12369074865724859,96.27683502532061
73.78807615230461,18.488076152304608,21.203074690952157,0.3444160367279516,-0.026038359737127648,-0.29408318079669504,0.17185305097286147,7.560504061675077
73.78847695390782,18.488476953907814,27.332138233247854,0.37045954644379464,0.16755773852102718,-0.2677082745578948,0.33837348361005715,36.568074826137135
73.78887775551102,18.48887775551102,20.927792643451895,0.2847869165226947,-0.32768012879837016,-0.2881370427134473,0.110401080017945,22.538126800676583
73.78927855711423,18.48927855711423,21.250986334100666,-0.07712278593031434,-0.3077109811913292,0.06775068414005203,0.27484205052504695,19.583308413427
73.78967935871744,18.489679358717435,20.339521124708362,-0.0028977157060259967,-0.45913138373352114,-0.18992484449996194,0.39863125485739304,14.08029488926761
73.79008016032064,18.49008016032064,22.885409663913922,-0.07171373288193918,-0.33106493692783545,-0.3652943940619622,0.3567088281512618,62.241364156599666
73.79048096192385,18.490480961923847,20.53606462675119,0.4727693701374024,-0.22140966096804138,0.18146157808448682,0.25643370671307686,78.1321855747305
73.79088176352705,18.490881763527053,21.66363691659355,0.18292038296869403,-0.3229895157232532,0.13027153097805544,0.11909227278599271,57.82983994203607
73.79128256513026,18.49128256513026,17.717446837710344,0.35771362204823254,-0.4112974662429444,0.1566513699171278,0.349412054315713,14.696270958820968
73.79168336673347,18.491683366733465,17.876350814392705,0.7168098265334838,-0.3793641288993992,0.19694469358786126,0.2796935524531632,81.11237699334708
73.79208416833667,18.49208416833667,21.86540090379985,0.12436300623398744,-0.03922123196727423,-0.29566285046830765,0.13447989911787006,63.59547071637285
73.79248496993988,18.49248496993988,20.54977493837454,0.2693446307320667,-0.2936662815942075,-0.16225478865840473,0.12815718544700688,38.81657061269955
73.79288577154308,18.492885771543087,19.38685702483985,0.5799960246887439,-0.13573013895192454,0.05494308542245485,0.3728880458309778,67.4130295536063
73.79328657314629,18.493286573146293,23.401286049951615,0.10591834894246022,0.0034172708548568798,0.017612370832275404,0.30076007888142353,25.990497924283286
73.7936873747495,18.4936873747495,28.911678454879738,-0.030718081154086307,0.1903948286293653,-0.30766245619608695,0.3487860397950267,34.51922084942105
73.7940881763527,18.494088176352705,21.22620504119044,0.16077630762239123,-0.46068786015890106,0.08949987499437073,0.36369367008468023,91.74858431319902
73.79448897795591,18.49448897795591,28.682315377808173,0.045099158528603966,0.29941039890904264,-0.2653356568980036,0.2715317056144967,29.05045056714204
73.79488977955911,18.494889779559117,20.95689531235863,0.7367278871083158,0.12790038949090776,-0.26570943110642614,0.2552339055265124,46.99882681579366
73.79529058116232,18.495290581162322,17.20643593690664,0.6273083416079753,-0.4182409680511281,-0.07781534626395181,0.22912822309629707,89.01411373960147
73.79569138276553,18.49569138276553,28.20511588673964,0.47006338085938115,0.3735786241067772,-0.044236039094978086,0.19508397633733582,70.77213502675275
73.79609218436873,18.496092184368738,25.999726719933257,0.684314531168946,0.4208724005318132,-0.05194827529731327,0.23037878825761354,6.220322616470275
73.79649298597194,18.496492985971944,20.973249562475168,0.623304869209203,-0.43892204014513625,-0.3451078975613471,0.33216389671904695,14.730304427897034
73.79689378757516,18.49689378757515,23.019187975576436,0.06791305299743225,-0.22312235185279627,0.1264765175782283,0.28057702930453954,0.7841590771916818
73.79729458917836,18.497294589178356,24.833570979460763,0.7033030986409801,0.30620127979306133,-0.24063997444677637,0.36775698698645387,63.09217902291634
73.79769539078157,18.497695390781562,25.091882118912405,0.3854080177240856,0.24825969038365836,-0.32229104723031754,0.23301400431375635,44.767342541041835
73.79809619238478,18.498096192384768,18.912040852498915,0.6266961396476564,-0.3154789806436227,0.13324884792138636,0.2821268736156263,13.427485090227552
73.79849699398798,18.498496993987974,18.332377629140566,0.706482169931144,-0.2906506766632897,0.1733908989378521,0.28939226592759665,95.79341210567705
73.79889779559119,18.49889779559118,23.83586840557332,0.18620312747467752,-0.12952789720861801,0.11727657035927042,0.2775091486918977,52.96597239456199
73.7992985971944,18.49929859719439,26.28504966672754,-0.0009532679250909143,-0.015477014808978673,0.08570964483492688,0.31079013192565497,24.189329411288917
73.7996993987976,18.499699398797596,24.477855293102298,0.10514164628774753,0.11825477153029595,-0.006854811616586909,0.1712300405124419,50.06035711547076
73.8001002004008,18.5001002004008,20.270301916542902,0.2843970097636307,-0.1310863604302276,-0.0694855776345164,0.25370913326373723,67.96203327351078
73.80050100200401,18.500501002004007,18.689972655025315,0.6362132893302438,-0.037465283866852106,-0.34780794405315396,0.1312674408425043,7.623921797356448
73.80090180360722,18.500901803607213,24.863408747052834,0.6746575249307092,0.24747093813375654,-0.15492807215758075,0.2153533982934438,27.4703815047892
73.80130260521042,18.50130260521042,19.180497532254808,-0.09374308252192837,-0.4633167971094021,-0.1763868897926116,0.24630012058637935,80.69654908839937
73.80170340681363,18.501703406813625,17.496670692412437,0.3596725723198092,-0.24756305565597925,-0.24414772974380428,0.2956672778636418,45.966487040266124
73.80210420841684,18.50210420841683,26.338014251472465,0.27566990283390114,0.21334958588455244,0.03405206821315099,0.38515931577586116,54.65771420322949
73.80250501002004,18.502505010020037,32.19208250590289,0.09989702942365722,0.39520683768719933,-0.1024745589527375,0.2801953199645068,43.28160022094693
73.80290581162325,18.502905811623247,25.06827390084525,0.007878830600314524,0.011677442115666126,-0.35137227045541125,0.32307817485296797,4.389994264300512
73.80330661322645,18.503306613226453,25.559602743014295,0.20385365426326515,0.032113485265315656,-0.2678900788301132,0.25187981784856084,16.574977982015593
73.80370741482966,18.50370741482966,17.45137048361277,0.7486187335212673,-0.39282798866022395,0.0099552581957576,0.2902312094128994,44.554163874189086
73.80410821643287,18.504108216432865,23.371375994354434,0.1908826388186797,-0.052587633176545356,-0.3543214843058199,0.12127966484013204,20.918546540792782
73.80450901803607,18.50450901803607,24.87022959118674,0.36691155956902954,0.032617266455023164,0.11072414842926126,0.17631747425255412,4.997902865967873
73.80490981963928,18.504909819639277,19.325707905036023,0.5327170630056601,-0.25752949636527034,-0.10291208379161537,0.20855592796154163,84.36496640518237
73.80531062124248,18.505310621242483,21.95718756989484,0.22726664214136458,-0.23075676905061904,-0.1116480536040112,0.2417480065019541,98.11925291641158
73.80571142284569,18.50571142284569,20.382368968095925,0.7746038744488647,-0.12271583689537735,-0.044555329204289396,0.11369462365071513,79.31428739967394
73.8061122244489,18.5061122244489,15.36756347007319,0.7662025654479001,-0.47992880222227363,0.09480857955508953,0.14200722926599532,85.3784921704667
73.8065130260521,18.506513026052104,24.07583484892243,0.12660406624282775,-0.17792083441682172,-0.19131447525868417,0.18304429233739175,24.197713031704538
73.80691382765531,18.50691382765531,20.114422158406597,0.3475236553031469,-0.28855199300345535,0.006809691535438145,0.39145980727031526,96.06269755131997
73.80731462925851,18.507314629258516,21.287403388364414,0.1707904788350927,-0.17250264782208535,-0.06056082160252535,0.19940410213091525,19.692570445342838
73.80771543086172,18.507715430861722,21.220603858849515,0.15635644493972087,-0.3802378681807488,-0.2397830378983472,0.2446123174336248,95.14298103618323
73.80811623246493,18.50811623246493,27.891579571617,-0.06680174738092048,0.39052728073989496,0.12717799181309486,0.15882931382151788,99.4819293965951
73.80851703406813,18.508517034068134,23.735156768684643,0.44860790058190725,0.09359245355404866,0.07845561296415693,0.2832340213227305,71.17228057460487
73.80891783567134,18.50891783567134,25.015289091948713,0.3524111209059754,0.1791023191444896,-0.004928899204944659,0.1842049646547923,98.1143731791822
73.80931863727454,18.509318637274546,29.788901354195797,-0.053669123875009585,0.2891712386073383,0.11034903745654523,0.16209777353152804,56.95397795671037
73.80971943887775,18.509719438877756,24.94256024954575,0.15078181781295028,-0.0015578010709427215,0.12037652057588144,0.25497178853379376,25.954178317609035
73.81012024048097,18.510120240480962,17.24446595590658,0.7174392973699883,-0.4130797119125763,0.02501778602902094,0.10165173974812625,43.699588566562085
73.81052104208418,18.510521042084168,26.01968635898453,0.11560570160027517,0.03710654181854778,0.10220799701820327,0.1022992097947676,59.35609353787859
73.81092184368738,18.510921843687374,27.80169557932426,0.03040538488210079,0.08684111802087913,0.018482877001570253,0.16572064273055737,7.308156202701499
73.81132264529059,18.51132264529058,26.588572780122057,0.3405074842498067,0.24543947418433,0.008084463056180269,0.11101640875024635,62.234326461724606
73.8117234468938,18.511723446893786,20.39669734856416,0.7870854086995407,-0.06834045377032061,-0.028833173070889395,0.13240772623920744,98.11778367622945
73.812124248497,18.512124248496992,18.718799957628647,0.11784974436035037,-0.37241969720443624,0.05162998373458477,0.2016581948016255,19.010764978372762
73.8125250501002,18.512525050100198,18.71547860004773,0.5049219926652907,-0.21622409420127553,-0.3048369368241558,0.3407757038739439,79.25951162883833
73.81292585170341,18.512925851703407,20.24569763847512,0.5854576537958459,-0.1369177036013649,0.12852245551935715,0.2716145930107903,90.78987937796194
73.81332665330662,18.513326653306613,24.97553516211129,0.11387378959315969,0.14591724133160122,0.12310611664713922,0.2538003177869249,94.37015928202209
73.81372745490982,18.51372745490982,22.650352523457585,0.5553947137506736,0.07077830466891188,-0.38245163017926453,0.1880466469624365,96.01356044054472
73.81412825651303,18.514128256513025,22.49091804908748,0.2310048194473279,-0.14390327410215376,0.09549005033885766,0.37952611582984497,52.14596387214719
73.81452905811624,18.51452905811623,28.314315381793786,0.4690752475342216,0.4865152487929797,-0.32267807951593286,0.21910451237115752,97.73079079915037
73.81492985971944,18.514929859719437,23.601116328056207,0.4701767396848052,0.10577481935688715,-0.19892868744451486,0.12612783003873146,75.73102071344388
73.81533066132265,18.515330661322643,21.191034304762834,0.3821972156672826,-0.2627732082640055,0.04610495377496471,0.2851199548353404,16.16714362369619
73.81573146292585,18.51573146292585,21.20823238317438,-0.018739206951032525,-0.39821752737959626,-0.30354406237101506,0.13415151804298042,47.690010646797
73.81613226452906,18.51613226452906,15.306530312160945,0.6517722460303143,-0.347140860815668,0.09078021447143736,0.20356694284050764,71.8331175372004
73.81653306613227,18.516533066132265,20.10706390074414,0.18870205847456226,-0.25404227161549187,0.09928050677464523,0.2522235816153427,24.734031581908333
73.81693386773547,18.51693386773547,21.051349102213788,0.0678666593598688,-0.33931862674044433,-0.09551935974349823,0.3622667574055528,64.06151835488873
73.81733466933868,18.517334669338677,20.367639989254958,-0.06330237260071248,-0.31343297594869424,-0.3961684769698999,0.24806397410203562,66.66004790466192
73.81773547094188,18.517735470941883,21.591826537585693,0.4318036488694177,-0.2149048313061529,-0.22777712009505233,0.3106776298094993,16.26997438085659
73.81813627254509,18.51813627254509,21.480822573172823,0.5098079256580542,-0.3266264047052452,-0.029843848974554665,0.3978450516997212,56.50853124527563
73.8185370741483,18.518537074148295,31.221151793634874,-0.08507095396492947,0.39676542462642517,0.1887117068164541,0.1394467359693945,77.16269109786077
73.8189378757515,18.5189378757515,18.677754387874344,0.3608837524693529,-0.4197662543383578,-0.02091188378999892,0.18241945765585588,49.88956645359419
73.81933867735471,18.519338677354707,26.961972112586754,0.10384619767814415,0.02451138957025467,-0.24411785136150413,0.21837282267929395,1.2103116776107425
73.81973947895791,18.519739478957916,21.923691898857257,0.48065551136850493,-0.08960317301033849,-0.019596578140233134,0.22654845356164943,0.9038469079292177
73.82014028056112,18.520140280561122,29.033508281886544,0.056929786104492286,0.4823786169086064,-0.07600877217048668,0.22330632257966376,35.702934397001215
73.82054108216433,18.52054108216433,17.591065204908016,0.5218439642922194,-0.38796109783194765,0.06790723709068619,0.3722833007669665,92.6194068431782
73.82094188376753,18.520941883767534,22.284542402372804,0.24806181167048366,-0.10214440095425836,-0.335811616703825,0.31420979334005694,22.867677960360876
73.82134268537074,18.52134268537074,25.39715415562654,0.7430569898630611,0.46947043327536886,0.05661674150121687,0.28237156422721116,63.43636888716871
73.82174348697394,18.521743486973946,28.791851343846066,0.023768849731393926,0.36550712589398027,-0.07524005279433382,0.19281181535883463,22.207587069332057
73.82214428857715,18.522144288577152,27.37678310134143,0.2069597159452327,0.3170720709492799,0.1777952023153968,0.34713711526638846,32.16699896595486
73.82254509018036,18.52254509018036,22.57296645509687,0.0021261691165301577,-0.24209717295506017,-0.19487670037678834,0.3865181534454968,84.8042089601484
73.82294589178356,18.522945891783568,18.703161846266653,0.7322242564507065,-0.3291124126099342,-0.020426864119631072,0.346359484765068,72.88614422699469
73.82334669338678,18.523346693386774,25.024374521209403,0.689605418042883,0.168643219924431,0.1592168633060106,0.10046953155744187,9.539927731321063
73.82374749498999,18.52374749498998,30.05735376971964,0.13214746494364005,0.4293759891275858,-0.33849416320559245,0.29092041105502214,42.87020209864336
73.8241482965932,18.524148296593186,20.870353770310636,0.4939856414307612,0.05676289301392978,0.16233709234187077,0.11534061443263023,2.916976364526447
73.8245490981964,18.524549098196392,18.707745291440595,0.6354999801810943,0.07161268946989985,0.012731433380488044,0.17728216610011657,48.0890146603009
73.8249498997996,18.524949899799598,22.202867151264172,0.39968073043951613,-0.22002090633971583,-0.3592977645368969,0.11785741010433151,66.24340117010681
73.82535070140281,18.525350701402804,23.761183681694206,0.3766855205204058,0.2694929331919369,-0.21942185983191023,0.28113863588481636,11.850262359815156
73.82575150300602,18.52575150300601,20.94495407368418,0.11766706181040651,-0.31295625144247663,0.024903253187169017,0.30597697404778207,28.888493890916568
73.82615230460922,18.526152304609216,21.56266036982685,-0.016207508974690712,-0.17632076359575632,-0.359589639118737,0.13434629141977156,39.783662550215695
73.82655310621243,18.526553106212425,18.013922819004165,0.7074941821579941,-0.07456356138358322,-0.05069772389423599,0.21515166491349386,91.95310246560497
73.82695390781564,18.52695390781563,22.33641662191674,0.7103762514469975,0.007610378684455021,-0.19247016582822596,0.23687095268666264,99.32550154229641
73.82735470941884,18.527354709418837,21.213873506875068,0.4697913115459412,-0.25759026758491976,-0.027450689339513723,0.210715906528275,4.491129899561585
73.82775551102205,18.527755511022043,19.257968586582805,0.20512681194383062,-0.38516317526079646,-0.3725547797124923,0.13630750014555792,76.1007923495392
73.82815631262525,18.52815631262525,21.148193900441985,0.21428861715139483,0.1106200424416326,0.12292208369142577,0.22568433705624263,37.17240664023432
73.82855711422846,18.528557114228455,19.300138305107758,0.5533601109832155,-0.21136944675974423,0.18409338150643817,0.3253534143425255,39.245818622948
73.82895791583167,18.52895791583166,22.863092052543344,0.7073992339573194,0.08123822142261228,0.1813267131714149,0.12130229935997665,75.42649733470228
73.82935871743487,18.529358717434867,15.8333708903878,0.6983777818386057,-0.3456372847257977,0.04979109904575485,0.12405400422457105,91.84264321454087
73.82975951903808,18.529759519038077,22.077000941857598,0.6018879912718615,-0.01885989814518252,-0.3219482559216208,0.2064313875507953,95.09285945025483
73.83016032064128,18.530160320641283,22.91378714406207,0.47782848153885904,0.03258943255158586,0.05495791755741358,0.38251771348567754,57.712258603832076
73.83056112224449,18.53056112224449,21.50854277514818,-0.024274031504456048,-0.4481764631775731,-0.3852478501247191,0.3005717940168743,35.71211593005028
73.8309619238477,18.530961923847695,23.318084121134675,0.045465842685152386,-0.16339572180607942,-0.38672586908260165,0.30360098700176946,78.75490858587793
73.8313627254509,18.5313627254509,16.34104950969555,0.7086987696743714,-0.36558532306102576,-0.20583386851027524,0.2085759972513595,25.100138326230027
73.83176352705411,18.531763527054107,20.19967618875626,0.44578615369363095,-0.43662502952723226,-0.10681408575720053,0.27809823736256156,56.40740288335178
73.83216432865731,18.532164328657313,30.120421232084162,-0.09172265354503333,0.48996023238994524,0.06224445068467599,0.10303935520832302,35.85784615248732
73.83256513026052,18.53256513026052,23.22595969758519,-0.008675611420571105,-0.17764615502527703,0.009977225963903158,0.2908288139228627,65.66310737078761
73.83296593186373,18.532965931863725,24.213084558950303,0.49715159219725025,0.30987444585463486,-0.13245837617395095,0.37398608427287106,24.03989128935069
73.83336673346693,18.533366733466934,22.35870604354239,-0.09544457453840319,-0.24535934523623615,-0.23582400023100047,0.2837720405034458,19.159294573482576
73.83376753507014,18.53376753507014,25.264186919820197,0.04472724627574878,0.18150272222392927,0.19827470009462678,0.3621095780399035,91.8239086675437
73.83416833667334,18.534168336673346,25.373557456862095,0.3938604104299275,0.26022785988968655,-0.1442912186584162,0.31719191663982815,10.18036829495369
73.83456913827655,18.534569138276552,25.910421736674838,0.5227056779234239,0.09563874060784427,-0.1291677854021947,0.1361675249211071,50.595790773493164
73.83496993987976,18.53496993987976,20.224084503342848,0.4867651335523405,-0.02842381144984163,-0.30182570728499847,0.3707359921857526,22.085278296300892
73.83537074148296,18.535370741482964,21.188855152085054,0.10184237851450381,-0.08815908585273147,0.07688572924995768,0.11993315330673247,3.892996332566745
73.83577154308617,18.53577154308617,22.990631660606454,0.5409612992127824,-0.1511317334570047,0.01620933546889325,0.26019024176432914,3.601881829142639
73.83617234468937,18.536172344689376,28.413685033014858,0.11352417874712006,0.42952914424782584,-0.2675382323267438,0.1426411371380373,17.522177210582733
73.83657314629258,18.536573146292586,26.33828632817071,0.19285972834334095,0.33061940778772914,-0.3505713726304944,0.10351198321927123,86.67703545060003
73.8369739478958,18.536973947895792,28.350914814728135,0.5718422646062218,0.4650269106665126,0.00829958124482788,0.22661027803829173,28.247874397702667
73.837374749499,18.537374749498998,17.911200879537684,0.48466960914249324,-0.37570277651445527,-0.007293271431318804,0.18851221229624687,95.04591705752958
73.83777555110221,18.537775551102204,26.726183975133043,0.6643010694447602,0.23086747520364426,-0.2360442838010744,0.24580014813928094,58.16222929891936
73.83817635270542,18.53817635270541,27.94103535986774,0.49185160307030906,0.43834045682103784,0.17051813735024623,0.2731599660203653,43.66141897687661
73.83857715430862,18.538577154308616,19.023074834428424,0.4114777430019245,-0.31876693383433985,-0.3093652649314599,0.11312172169268421,58.00888346694546
73.83897795591183,18.53897795591182,23.979388538339613,-0.015692708954716778,-0.4335037326332225,-0.14059911937443886,0.1369009885371237,51.669838522626776
73.83937875751504,18.539378757515028,25.347912994628132,0.23094422275349016,0.24112064929005905,0.1661695521005594,0.2675927189351276,75.87762537573252
73.83977955911824,18.539779559118234,26.164463535245318,0.13868213091355291,0.0744731131799119,-0.14816360984432658,0.20295020595179747,28.249606597285226
73.84018036072145,18.540180360721443,28.26927324298658,0.11959067904117521,0.34182877675827206,-0.01688443140154866,0.31875204626483444,35.30503916003024
73.84058116232465,18.54058116232465,19.471788203975088,0.775709499277201,-0.3602276233737105,-0.16144336122232342,0.2956874945775819,89.40943025332507
73.84098196392786,18.540981963927855,29.02600015268876,0.2537879522000843,0.2952673118598902,-0.235470878590798,0.35368130889697214,94.64565131504055
73.84138276553107,18.54138276553106,18.550069925779088,0.702841899659402,-0.29837267995225547,0.19038658877589698,0.3077478480007676,89.25582274864745
73.84178356713427,18.541783567134267,18.166308806150084,0.4680247633975366,-0.3363440571342955,-0.15439959621097418,0.22897932321704445,41.94479939573136
73.84218436873748,18.542184368737473,19.25596532778119,0.6153301731874836,-0.33573420206900706,0.1364595222074807,0.3018899867183298,78.03655030068816
73.84258517034068,18.54258517034068,25.3673072287123,0.35237338379467287,0.3145747202313821,-0.2620272364653483,0.1826143522766256,47.63357333010988
73.84298597194389,18.542985971943885,27.575985597433316,0.4192134961637233,0.16519722069620013,-0.27213717758495004,0.19189404963346382,49.75398521461022
73.8433867735471,18.543386773547095,23.71912762213041,0.34326592443697757,0.023065424769119325,-0.3813195502692932,0.336695547976238,20.468010905728395
73.8437875751503,18.5437875751503,22.66172906917566,0.07571868901824005,-0.1411695158764975,-0.008999904774468936,0.23392585492047469,59.113030325851646
73.84418837675351,18.544188376753507,26.29799134825167,0.5502069037353549,0.3772005408131083,-0.1788841937657433,0.3395141021555058,18.613589775334795
73.84458917835671,18.544589178356713,21.140286008947957,0.1526951261967702,-0.10755489257736461,0.1186149499037823,0.34672671210048356,33.15646990671938
73.84498997995992,18.54498997995992,27.09915148800825,-0.07811563021169154,0.3165994394715771,-0.1160740559850657,0.35726870129838517,85.50302016199352
73.84539078156313,18.545390781563125,23.787344616036567,0.48092506631645104,-0.06086509142978158,0.18091605674883315,0.3749905707523622,20.707580921085523
73.84579158316633,18.54579158316633,22.487104818460264,0.05939961146634404,-0.12305557057509242,-0.2886846905781273,0.22929556615398888,7.115828517343282
73.84619238476954,18.546192384769537,19.324367753085042,0.7464127259176229,-0.037320214330393564,0.12117390077336654,0.19566004549634167,6.90075926128163
73.84659318637274,18.546593186372743,20.026079273920708,0.7585357193023287,-0.19862212583585792,0.06595811167504506,0.2746596239782342,94.07845205031079
73.84699398797595,18.546993987975952,25.637760277764986,0.7233779511984038,0.24760938017625111,0.06255310678643122,0.2113517270312883,50.69204379618346
73.84739478957916,18.547394789579158,24.93991971577289,0.23314283022989998,0.0027203900924791524,0.10686993687013269,0.28032225004006994,40.941207181701834
73.84779559118236,18.547795591182364,24.246643705796995,-0.08608904512401933,-0.2677873048531827,0.056614394565799364,0.31167575879314746,81.08785810079185
73.84819639278557,18.54819639278557,24.18311956824673,0.7354867063289529,0.39957457327456847,-0.024267807021150722,0.3065215055476411,83.5825927910516
73.84859719438877,18.548597194388776,20.279367546191434,0.2853657334855829,-0.11610877862678859,-0.32125307339056747,0.21236586610603642,33.21910331156046
73.84899799599198,18.548997995991982,23.837582403376604,0.7699893371393026,0.043552861113988595,-0.3804842923052489,0.15005806050962586,69.36180574737952
73.84939879759519,18.549398797595188,24.744411454480623,0.7672579793803276,0.40647211096454694,0.15250870868941213,0.22915880153866228,77.11228158518865
73.84979959919839,18.549799599198394,22.527587884854228,0.6677085099206241,0.1242379959139921,-0.030009811287557142,0.14277824322457264,65.46506868659546
73.85020040080161,18.550200400801604,22.336251605544092,0.16500400286262715,-0.38310195929163593,0.07792237458570583,0.36702911055514253,15.159507480009937
73.85060120240482,18.55060120240481,28.99972647152708,0.24658795574173273,0.4398321236134751,-0.11108658909246993,0.20376323822135725,87.5883083517057
73.85100200400802,18.551002004008016,23.630797167010734,0.6660230043651713,0.12770805307141786,-0.32961508662256334,0.14633792416699715,53.90945527360087
73.85140280561123,18.55140280561122,25.670410640719236,0.1852298046406499,-0.16509438534291387,-0.32488852467846974,0.10763432797172527,28.24724263700037
73.85180360721444,18.551803607214428,20.16472602097624,0.052543472017483245,-0.36072792733661274,0.011339172337382852,0.2937467158859453,42.52281854376939
73.85220440881764,18.552204408817634,27.326406403762242,0.4011211362125152,0.294025189270296,-0.14181646306032236,0.29107069523642304,3.757109039890738
73.85260521042085,18.55260521042084,22.573550762907246,0.7425392967447029,0.12007275592851352,-0.279685163979798,0.20218124997438752,12.786680122241755
73.85300601202405,18.553006012024046,23.10536525302072,0.5264268170074757,0.03346109197632152,-0.10504327195513785,0.12151356665429532,76.55467505158609
73.85340681362726,18.553406813627255,29.166353204726228,0.41305505308042856,0.39389258305095765,-0.36147463775491956,0.22288866846856964,0.0011634755366141114
73.85380761523047,18.55380761523046,28.710431524711286,-0.012541155606308321,0.28859721122453075,-0.05081715885136068,0.1933652485190181,41.65658284822922
73.85420841683367,18.554208416833667,20.056660395755696,0.45350650402925285,-0.3483251202672488,-0.2386039573389414,0.30313619192050284,52.251018108558846
73.85460921843688,18.554609218436873,20.770739358451,0.791048465093837,-0.18827793220445177,0.07853546038231296,0.28173377483580714,5.4634420000972295
73.85501002004008,18.55501002004008,21.80708423526597,0.02607561371287162,-0.25151086018553426,-0.21378282464585574,0.20937811845926202,97.30781629723329
73.85541082164329,18.555410821643285,24.348164989081447,0.36649668712736305,0.24394629257267697,-0.12686791055091928,0.16536776627649705,22.612533124967193
73.8558116232465,18.55581162324649,15.319931732650444,0.68963576473516,-0.4664675652642206,-0.39302767605513966,0.39641078984667766,30.419871963628086
73.8562124248497,18.556212424849697,19.91590318475524,0.5666917559787841,0.06988968487131653,-0.3565318673232647,0.23620048635883448,30.39425122550273
73.85661322645291,18.556613226452903,28.072326717838678,0.5273141668957412,0.26245868574069053,-0.1645038661559891,0.3064822707340712,23.04166621173499
73.85701402805611,18.557014028056113,24.45166544109298,0.5322356755883983,0.37676563676174946,-0.11203669916972586,0.14216589027350823,0.1473822086311416
73.85741482965932,18.55741482965932,21.971226871291517,0.22354203609777965,-0.15791825128409254,-0.03998767112841772,0.24567690989781937,72.93447940879963
73.85781563126253,18.557815631262525,26.976189797696524,0.16423265983804405,0.32125730467201286,-0.22500245277441805,0.10826101596083965,96.68454997992853
73.85821643286573,18.55821643286573,18.425302216612412,0.6284250399306623,-0.3893682630447928,0.016989131675925584,0.251636535373135,22.429348328504506
73.85861723446894,18.558617234468937,26.542618460097813,0.6291020552112627,0.3464522917345182,0.11607343831352279,0.3892052221353107,66.30471918034225
73.85901803607214,18.559018036072143,19.16377142224897,0.6803650867220934,-0.3725113376680176,0.0679105933360099,0.2152620138957401,74.18963269587151
73.85941883767535,18.55941883767535,19.488674261246146,0.7219164973008242,-0.10271270943963273,-0.37622870479098575,0.11169880377247349,84.84253790905247
73.85981963927856,18.559819639278555,25.9212302922417,0.36020815897484404,0.2972953657795536,-0.11169583164530261,0.10928673727580307,42.262919701360914
73.86022044088176,18.560220440881764,20.16622087312779,0.35136466521847964,-0.3500825726512262,-0.3370418929490951,0.21639602798406088,30.293090564042924
73.86062124248497,18.56062124248497,18.827148957700608,0.6184656610700977,-0.2707486047673585,-0.25477299048248353,0.1480074809389582,32.52951340230311
73.86102204408817,18.561022044088176,27.20870635946071,0.4849675376999887,0.22225256839306629,0.1919975559602879,0.10700562889845577,71.26213330985128
73.86142284569138,18.561422845691382,25.277976845258454,0.531770189531933,0.22003653654607436,-0.31450267425909206,0.3268640841850531,81.6779466505636
73.86182364729459,18.561823647294588,24.432725995465244,0.616213402492491,0.1411476328852973,-0.10066710792918632,0.23755690266456722,18.161396775660265
73.86222444889779,18.562224448897794,24.42878230949307,0.7010048076358097,0.19394844446710002,-0.029106559409128485,0.18677343159179638,37.09410081577652
73.862625250501,18.562625250501,26.166477013872036,0.20419564116638225,0.042724443347596175,0.021478982326462392,0.37002495490494425,90.19401967491501
73.8630260521042,18.563026052104206,21.59939964024534,0.2380246573759496,-0.24820094109304724,-0.0642107899078515,0.1348416880601577,80.66935196947392
73.86342685370742,18.563426853707412,21.588793283821513,-0.0154162541432179,-0.15430400649608056,-0.3941374915484898,0.38677564868659586,98.48584027624759
73.86382765531063,18.56382765531062,20.313248461160438,0.42045212689655664,-0.31840228319857433,-0.20412321505360487,0.19419001521320586,75.42482596820807
73.86422845691384,18.564228456913828,28.445730040563202,-0.06765195358293213,0.40845056133362834,-0.08937301396917313,0.36652110169260443,39.319520102792225
73.86462925851704,18.564629258517034,23.4458018434405,0.31903821631921414,0.08339179476612046,-0.3472801005131,0.28088286294383846,59.06378339946377
73.86503006012025,18.56503006012024,22.946159339584945,0.388380171236819,-0.09914858323636011,-0.18962384127449153,0.34801220792244625,66.10142542473203
73.86543086172345,18.565430861723446,25.6880470090145,0.15788712691545595,-0.037994196355867316,-0.3800781347251801,0.3952039489631394,7.845581631712395
73.86583166332666,18.56583166332665,27.345991088661698,0.43174993451210975,0.4472833396118153,-0.3528529017069876,0.18652163134562372,54.44969591038651
73.86623246492987,18.566232464929858,22.359512425333527,-0.07254977505485552,-0.3466485968839198,-0.16184603427904234,0.388340645622278,70.93208284726096
73.86663326653307,18.566633266533064,28.747553887749365,-0.06638663012570703,0.08622983201679724,-0.32037054757416383,0.21684456847072614,16.732130400106037
73.86703406813628,18.567034068136273,22.218314035109053,0.6403405045936925,0.005888678884465981,-0.0594754910430651,0.21565357142107672,78.06317174255571
73.86743486973948,18.56743486973948,28.89620913926639,0.22417157727013662,0.11145423543464783,0.013678981482359465,0.20211613127635172,58.37727805141116
73.86783567134269,18.567835671342685,20.95759399972224,0.014354461386696299,-0.4818898161791595,0.08035201946544979,0.26242228220427555,95.22217856975946
73.8682364729459,18.56823647294589,24.23000028046117,0.37001893404932396,0.3721239089441515,-0.2799098534531139,0.14624351295354615,4.24222982068917
73.8686372745491,18.568637274549097,27.486224267549172,0.5929941977887498,0.4321182824836124,-0.29951045064455817,0.26611344560740335,26.5326137555467
73.86903807615231,18.569038076152303,25.751874789480464,0.09423892474715886,0.06513318358920894,-0.33725929579935987,0.2625114437230012,60.15538792998241
73.86943887775551,18.56943887775551,26.59813022870754,0.46060142823710026,0.19665082387689226,-0.018141850273817928,0.328570543781461,29.65599122059307
73.86983967935872,18.569839679358715,30.350702246205937,-0.02318728150560881,0.4224993811772957,0.02388543589214076,0.35009498858127575,71.44241640712423
73.87024048096193,18.57024048096192,27.13213462189959,-0.05348645094825308,0.20723863431339862,-0.3810483131046148,0.23213240509372723,75.9005282521931
73.87064128256513,18.57064128256513,17.7978472326519,0.3782191684113332,-0.34746095708573865,0.161727347746214,0.19069997480544815,10.251596406647446
73.87104208416834,18.571042084168337,23.516490668493617,0.38657160944909585,0.07628836016681317,-0.3688172298091166,0.17780046919512837,51.38544642067677
73.87144288577154,18.571442885771543,22.42293522577268,0.4736869113483859,0.1067150463828559,-0.07522219881935771,0.15838715101146159,50.889055559105586
73.87184368737475,18.57184368737475,20.6031105365648,0.5534822003503954,-0.07586932869761398,0.025436311670549883,0.11729427465970747,36.92807702155411
73.87224448897796,18.572244488977955,24.355975605296734,0.7782668715162812,0.23644423562472283,0.12258147424765142,0.202734393650414,93.29248625696721
73.87264529058116,18.57264529058116,30.025175336861878,0.3646703134710758,0.43436701476901485,0.028452159279456712,0.181074307639235,82.75063198732212
73.87304609218437,18.573046092184367,28.89438829556663,0.19066082564712136,0.42556851290677633,0.08103684984187515,0.38992521575992223,69.72093819096368
73.87344689378757,18.573446893787573,19.63623124452938,0.6156675752918334,-0.049160628595867895,-0.19632988447431635,0.2673126478750132,71.43266357349975
73.87384769539078,18.573847695390782,21.08053933005843,0.1437490261358668,-0.38676195415924475,0.08889506824790738,0.2041831117091523,46.17161438131191
73.87424849699399,18.574248496993988,30.167987826416457,0.2950742786350725,0.4848411989623346,-0.35193109216919494,0.27414028029810883,92.09945210965759
73.87464929859719,18.574649298597194,27.621252791940073,-0.02938925679196064,0.3388980864459341,0.1368899936363166,0.14175901040370867,69.45954272532853
73.8750501002004,18.5750501002004,21.431522716653735,-0.07718433092608824,-0.37533731879673315,-0.07144457430775825,0.2332131247606609,72.89810616558164
73.8754509018036,18.575450901803606,25.398533252216854,0.7663835732101326,0.4208418826173723,0.09037866197749628,0.28787029642631917,86.16909037873452
73.87585170340681,18.575851703406812,24.259705608692993,0.6523821084609853,0.3698963620621283,-0.1286090292890199,0.24666934953773545,27.4071589342191
73.87625250501002,18.576252505010018,23.52891729460487,0.5263767854843282,0.018838057126072116,-0.013853382882084986,0.2205336401962973,80.7070903866703
73.87665330661322,18.576653306613224,24.391043884673405,0.26805764997284287,0.09127543574492925,-0.08415840343833203,0.39815451666990953,19.524060295649203
73.87705410821644,18.57705410821643,24.33950126424304,0.05596488806376121,-0.10099729612986974,0.03895371305319917,0.3640944286446781,34.53419522448878
73.87745490981965,18.57745490981964,19.012411429497277,0.04079333840397745,-0.44523836117796867,-0.3510220107816463,0.2870217874478321,33.56104542698427
73.87785571142285,18.577855711422846,22.069691924233215,0.1252186083481358,-0.16480275835409908,-0.36378874960566177,0.27081320835468486,97.85254683891405
73.87825651302606,18.57825651302605,27.14058653154423,0.39430399823550843,0.30285344859801144,-0.25173805959391216,0.28619814394737525,85.65372237479268
73.87865731462927,18.578657314629258,16.771388849758097,0.5431363304300562,-0.49536797699539714,-0.304273191932087,0.16039363234673,70.11698615902597
73.87905811623247,18.579058116232464,23.45454929853176,0.49417763904595813,-0.16650082830885582,0.12307013995532101,0.2185413229792956,72.70567616153902
73.87945891783568,18.57945891783567,22.62253012123079,0.15194050725134858,-0.10183130640905669,-0.2684716075851734,0.1118378598672698,56.20727944025711
73.87985971943888,18.579859719438875,21.914089355022682,0.7593787525968747,0.03739560293792288,0.18551915349147885,0.24266381124604802,94.70906671085191
73.88026052104209,18.58026052104208,27.77690628680628,0.5641072250261917,0.4198556164127605,-0.1978625249373359,0.262907375187299,49.62587528823615
73.8806613226453,18.58066132264529,19.341318107958763,0.3989186472602606,-0.15365400563403875,-0.29072925058678045,0.1683249208309629,38.05177098698945
73.8810621242485,18.581062124248497,18.57557544293653,0.45054867161091705,-0.1530467981037723,0.07381910428548755,0.3892086541496542,16.3035336931591
73.88146292585171,18.581462925851703,23.698327728317288,0.277640056185011,0.23750124810974838,-0.004775334699474276,0.37283638328117263,78.6205652261058
73.88186372745491,18.58186372745491,25.80126611128364,0.12295789055104173,-0.04778205911019284,-0.10108257012811661,0.3166429706367718,73.44439320755914
73.88226452905812,18.582264529058115,20.31638395663047,0.22037541078613546,-0.27539517706001804,-0.06678186943742126,0.26001598862960884,38.43550385241349
73.88266533066133,18.58266533066132,25.45138659273965,0.5820614994179323,-0.0475604838673066,0.031521066963358324,0.3609907478943055,2.519341395922936
73.88306613226453,18.583066132264527,20.997428106978017,-0.08704586023321972,-0.35914297962020014,-0.2629271552012208,0.13919570314703889,83.89973277180107
73.88346693386774,18.583466933867733,22.018369937576665,0.004465376456224607,-0.3236130134937767,0.19780034963404525,0.3371529382824655,1.1417983454073632
73.88386773547094,18.58386773547094,27.589830767148726,-0.05859762218042253,-0.0016322272605202581,0.18487589728806997,0.1374462441900545,70.3699779629051
73.88426853707415,18.58426853707415,27.515114216848797,-0.06334407791292687,-0.08107455049545209,-0.009804588191837826,0.3382631987648217,97.02571097260571
73.88466933867736,18.584669338677354,28.891141747586065,0.6699145256099065,0.41484590106810004,-0.2802745294425129,0.1827302704754071,43.766132814820345
73.88507014028056,18.58507014028056,22.770027969845938,0.5332920734420213,-0.1376061008833669,0.008136945458774802,0.3631271743054567,23.497340499595275
73.88547094188377,18.585470941883766,25.708195060604663,0.3267564461785927,0.08058835027804345,-0.3566809546124945,0.38321262814761936,70.48710100433817
73.88587174348697,18.585871743486972,27.271179580067574,-0.011949255414098678,0.13226428791953038,-0.38160849867651636,0.1446387908215347,81.71281420155852
73.88627254509018,18.58627254509018,19.586214742107547,0.3424542876051492,-0.48690554341166636,-0.24539026689327179,0.2388026815196181,54.64303160778473
73.88667334669339,18.586673346693384,24.177972177161763,0.3261245937025091,0.1635373720167106,-0.12242622595641017,0.3942962134488056,96.70352752561462
73.88707414829659,18.58707414829659,20.273652928968986,0.05588168291901366,-0.3219640331302486,0.12096350324502836,0.24502223079194402,5.166872165796111
73.8874749498998,18.5874749498998,28.153309067007243,0.29046648431417577,0.46107031746945515,0.036301441859784844,0.3590642567543636,50.479559830452814
73.887875751503,18.587875751503006,19.938079038955557,0.2586542609576361,-0.35133727224688704,0.04562391271998867,0.276619456639396,71.845394732255
73.88827655310621,18.588276553106212,21.195073722044352,0.45426508824699485,-0.08537587627297627,-0.1447039993311548,0.21259897237588057,86.2640471149179
73.88867735470942,18.588677354709418,19.540156423067113,0.4715842857808794,-0.41465033192135614,-0.19243900447182224,0.18573506665776107,17.925561190779003
73.88907815631262,18.589078156312624,31.697832287341036,-0.05922639120515994,0.49687425184594736,-0.17737674220923838,0.16096692732582618,80.00034817636814
73.88947895791583,18.58947895791583,23.968803666931077,0.2371513531638241,0.002195010331242586,0.19258973824163472,0.3285394574133092,55.27070757185453
73.88987975951903,18.589879759519036,25.853775674069265,0.46327392414281277,0.09538501732004379,-0.37593448515251054,0.21596215204690838,39.65536819899632
73.89028056112225,18.590280561122242,17.194117939073625,0.3528226327220789,-0.4329235226115725,0.12021889767346916,0.25338263866022537,13.171502857909356
73.89068136272546,18.590681362725448,23.854911229724753,0.67084085706949,0.2499604703991778,-0.05279475485656393,0.2476976440003546,86.52957589089124
73.89108216432867,18.591082164328657,18.559701107766397,0.4928242684570505,-0.29009440690441424,-0.1368307484862457,0.2731837087699394,15.727320817971535
73.89148296593187,18.591482965931863,25.947533046931113,0.04664098437328673,0.39805428944071375,0.03515459624908196,0.3596731436873657,30.978785920909925
73.89188376753508,18.59188376753507,22.109816012754088,-0.03648812733961314,-0.29486035951799283,-0.10799863514517827,0.39422180307502885,29.004553196243688
73.89228456913828,18.592284569138275,19.33336919213332,0.4781773503856841,-0.30931227933633343,0.1240539428489964,0.2222752625721451,87.14140341908544
73.89268537074149,18.59268537074148,23.016370395906847,-0.07613982051254037,-0.4634503321519051,0.1404211184067552,0.34825567663189094,67.2702994208898
73.8930861723447,18.593086172344687,23.530896862201576,0.427198023146117,-0.027933054890000752,-0.14696744387592675,0.3293583383964154,79.66813971913723
73.8934869739479,18.593486973947893,20.38109500972005,0.7462072172824619,0.06484113326261642,-0.23390332165896904,0.272058685436672,25.046789879249896
73.89388777555111,18.5938877755511,21.348591443343352,0.4179267600882911,-0.43429136057164763,-0.04458980284398262,0.38681414308358,62.48740996069989
73.89428857715431,18.59428857715431,28.340062042308784,0.2493529335858697,0.2755276166950106,0.14741800737001465,0.16014235465852084,57.17459831437487
73.89468937875752,18.594689378757515,23.01123791969261,0.4789593965981179,-0.046711165251972386,-0.27360268659660003,0.13277926309288643,83.28303767882711
73.89509018036073,18.59509018036072,23.342038537789225,0.3124276014423649,0.02439026932758004,-0.02622004986191029,0.35618859008662673,90.60870604812605
73.89549098196393,18.595490981963927,21.01319306237535,0.3910551103843415,-0.059237253061771855,-0.021063867944487613,0.23174494499012452,1.2156771477386807
73.89589178356714,18.595891783567133,19.712728805152317,0.7473183278988726,-0.09923693912467402,0.03986781344916862,0.3540906562621182,67.40199190587927
73.89629258517034,18.59629258517034,25.992064372534973,0.24749237402069682,0.059640331308217887,-0.32105938892364416,0.36792706155862454,5.1835799119729025
73.89669338677355,18.596693386773545,20.553924381001423,0.7650715074415229,-0.3447597540692875,0.02949497880925317,0.11873727808572143,54.88586650773559
73.89709418837676,18.59709418837675,20.56006870855871,0.7148155777604575,-0.3180718695047289,0.14541951239938467,0.3650394288958183,28.76327290436782
73.89749498997996,18.59749498997996,27.503521970903925,0.0762120213103668,0.3617856210135173,-0.2921901346778548,0.2344957166108267,30.67765995221412
73.89789579158317,18.597895791583166,27.969602617464567,-0.03757482921235109,0.44611546213363273,-0.2574740050456734,0.2531297467012697,35.29585034523566
73.89829659318637,18.598296593186372,23.990921526965916,-0.009299798760316016,-0.12669068372024705,0.18283705642498382,0.2879777533279631,62.12924490496101
73.89869739478958,18.59869739478958,20.47278946765929,-0.08360035691360525,-0.22925532685644623,-0.2914138283743061,0.37791478201902606,33.40499656687692
73.89909819639279,18.599098196392784,26.999753680265652,-0.015001335319664452,0.14399954323901576,0.1126310560217475,0.10573482832892922,73.26990505902803
73.89949899799599,18.59949899799599,21.292407351159355,0.5147060960747212,-0.0912658289019036,-0.10463328613117912,0.24305304049534515,40.45273855738697
73.8998997995992,18.599899799599196,19.734459885730054,-0.03593021638579391,-0.47461364433965514,-0.25166135535809375,0.3063166127291682,6.835320030995861
73.9003006012024,18.600300601202402,18.234081036439786,0.18707806726438517,-0.34384740263380964,0.1224499407635069,0.3168120873094686,78.37598424841073
73.90070140280561,18.60070140280561,24.628183548966003,0.6603877798725092,0.21597222884739753,-0.13281684699840068,0.3077597294611324,28.5758324592706
73.90110220440882,18.601102204408818,26.18546444879743,-0.07905525783775673,0.15892394191015136,-0.09110958764218585,0.14033053882243657,43.276687959926264
73.90150300601202,18.601503006012024,15.350976499819192,0.6330216343300422,-0.4729040074965165,-0.18445997836014058,0.1898186765115044,68.54438832219016
73.90190380761523,18.60190380761523,17.14298181292672,0.15366929729605996,-0.27802783806705056,-0.04422948913904351,0.20761465762510406,33.2456157148712
73.90230460921843,18.602304609218436,22.237733884007305,0.006348344859490623,-0.2689252034119286,-0.30188567644898634,0.3413311623038515,5.658565614671563
73.90270541082164,18.602705410821642,26.741987586853224,0.5270634488277356,0.17189274359872841,-0.16535107800894355,0.1836279617243659,37.39210470128136
73.90310621242485,18.603106212424848,20.35875138885597,0.4660485621018956,-0.48028946224563585,0.18164739340117253,0.16321148916016098,94.44485826943034
73.90350701402807,18.603507014028054,16.906817374094597,0.6897248121743477,-0.39589141801542616,-0.24511994037932347,0.38723440571142886,64.17343972985582
73.90390781563127,18.60390781563126,24.288023066071737,0.5615639394234972,0.29991608537318937,-0.005958001275224667,0.10265898553404068,67.1479148667207
73.90430861723448,18.60430861723447,19.372943817924053,0.6231328373463637,-0.3214553379456664,-0.20488596146518306,0.39934625670459356,63.22821536376399
73.90470941883768,18.604709418837675,24.26072734316543,0.15383111531417584,0.1527461078518747,0.06408387541196042,0.30304638965721875,19.899213895943678
73.90511022044089,18.60511022044088,22.53603771318771,0.05969558940175054,-0.2618172189532735,-0.3214758035689901,0.34854078983473513,41.833386410228016
73.9055110220441,18.605511022044087,19.265767962786622,0.5755532764767726,-0.40055860724065484,0.18189262704712694,0.18838581890385797,75.09397983633183
73.9059118236473,18.605911823647293,21.141365419118312,0.6261512653405377,-0.2568278090005459,-0.12772627516981644,0.104294583300118,10.137289755315916
73.90631262525051,18.6063126252505,23.115165064833633,0.791454627800606,0.22226693185565916,-0.2583697219921216,0.32136085556845906,27.785277608971228
73.90671342685371,18.606713426853705,26.894674509695992,0.27135590922028385,0.35569646810628575,-0.35590195160199245,0.35024337910020276,27.631910846585363
73.90711422845692,18.60711422845691,25.81114337946755,0.23481627721350487,0.3302198645669916,-0.29814525694747557,0.3221428395860558,43.2018927594506
73.90751503006013,18.607515030060117,19.73765644178577,0.5987716646677972,-0.10281647038154518,-0.08813563086638937,0.14285508619025158,98.0368740942185
73.90791583166333,18.607915831663327,25.307517096715593,0.20672318622771604,0.16808513657064617,-0.1977980941412282,0.3260283766770907,6.750254668382194
73.90831663326654,18.608316633266533,18.912483249166435,0.7376815930432082,-0.29501570458417903,0.09733001952956571,0.33067683463229236,51.870099438059505
73.90871743486974,18.60871743486974,20.938996858666457,0.6725714766587106,-0.20685226973898674,-0.1414674858029164,0.2975621547010165,17.936468201221047
73.90911823647295,18.609118236472945,26.3281166360031,0.28609462463751656,0.39633581852111976,-0.25077143644742206,0.32983477983867593,97.06765454097442
73.90951903807616,18.60951903807615,19.490132283484908,0.5757839610123476,-0.48699807648926396,-0.029713008037581923,0.35377643190331964,11.33035047274642
73.90991983967936,18.609919839679357,17.55295697359976,0.5790885866762141,-0.4144914691455319,0.02406633013126752,0.28408123427123755,40.36010023615913
73.91032064128257,18.610320641282563,22.08275420017592,-0.007188518047660658,-0.2921137448539727,-0.2997748552594301,0.12658141419090374,73.78849848346061
73.91072144288577,18.61072144288577,15.583016439958412,0.71229761601161,-0.4734677961261803,-0.2994284702270094,0.2462883429001633,70.45544280274453
73.91112224448898,18.61112224448898,16.404358284473204,0.3547271352030714,-0.3185645649102027,-0.37799714383987426,0.12329480040148152,42.272863689393226
73.91152304609219,18.611523046092184,23.937425106753658,0.6438117194969675,0.08304156096969217,0.041841209039384375,0.22226290930972928,34.652416795271826
73.91192384769539,18.61192384769539,24.379288146925873,0.1880446409275506,-0.07857544940750205,-0.0017172834269169046,0.22213194673768832,39.76123785528706
73.9123246492986,18.612324649298596,24.974871246859525,0.7059709056465805,0.39267171107697485,-0.11522147455011167,0.11980295324207249,26.42762631586393
73.9127254509018,18.612725450901802,27.023514138917985,0.2502815108607468,0.3174435617384409,0.1065022693815183,0.2046461601908438,20.53329387067998
73.91312625250501,18.61312625250501,24.64331291187357,-0.09024611366773148,-0.15818264830212403,0.08340209177003194,0.13329942963739447,48.303969755889
73.91352705410821,18.613527054108214,16.676196655096426,0.7148437787773373,-0.24057656656870752,-0.048787381361948656,0.3424705630027667,26.853375606760732
73.91392785571142,18.61392785571142,23.092555020115622,-0.0178419908924798,-0.1203075918327331,0.12096276830795527,0.38430640778934133,28.746166489725013
73.91432865731463,18.614328657314626,26.15743507542395,0.18738227383137337,0.09029494251480774,-0.27649527397793905,0.12169494257738159,65.67560634745571
73.91472945891783,18.614729458917836,17.023923421746268,0.7550557703457245,-0.23193635917712374,-0.3328482283613633,0.3865345621875105,96.85373316998923
73.91513026052104,18.615130260521042,22.90409381552228,0.7555464322438006,0.12414890784913402,-0.23815023308980623,0.25677297980102354,60.363720055937506
73.91553106212424,18.615531062124248,19.97877331842251,0.41609409931095753,-0.09058834780875957,-0.3657478863464111,0.1898697033861622,7.697946706496628
73.91593186372745,18.615931863727454,23.876849327405996,0.4686534909528194,0.052047180851980235,-0.08129828319938076,0.12305862258284907,7.558361385406698
73.91633266533066,18.61633266533066,22.789798219004503,0.3036009697804878,-0.06387347086468331,0.161963415376977,0.25018728042112537,95.1423220845566
73.91673346693388,18.616733466933866,19.702511398919622,0.1638896945282581,-0.20553424045808233,-0.37639387559889426,0.33835466334722464,29.729079030733363
73.91713426853708,18.61713426853707,30.252651647142702,0.19579809083292435,0.4484533069621567,-0.32673405159398394,0.3121259431800095,9.206698608247542
73.91753507014029,18.617535070140278,24.007837524053862,0.5052666104693346,0.2636057941597608,-0.1286805830299388,0.11506780343919214,59.90445871503815
73.9179358717435,18.617935871743487,17.300067719673393,0.5771370764939121,-0.35988682423354745,0.16032501051674297,0.12187055061037107,62.36487782902661
73.9183366733467,18.618336673346693,25.923427858059227,0.6124211393532637,0.3684679758979128,-0.21030633701394968,0.22086198478979116,64.85048201186882
73.9187374749499,18.6187374749499,23.543986364062718,0.6106563285150985,-0.012568801750486358,-0.09565911478696454,0.188587148214383,26.74020278575413
73.91913827655311,18.619138276553105,27.51136207675421,-0.01791450725617867,0.3945522268940914,-0.37505628456976475,0.16971529691681436,1.5110684214475034
73.91953907815632,18.61953907815631,26.366180963083494,0.3449782742323233,0.2998552559473152,-0.3109940794227467,0.18430134967261408,96.50153694544719
73.91993987975953,18.619939879759517,25.136345375113297,-0.04819711598502015,-0.07478649553076655,0.19197807377530818,0.34104482298906547,25.089304569110247
73.92034068136273,18.620340681362723,19.291471523639082,0.394575994091362,-0.4775306916798826,0.17907121786162739,0.37876841608955625,67.60262880525475
73.92074148296594,18.62074148296593,21.4645486705851,0.2973774512360393,-0.23132264061505392,-0.39703601143935424,0.22153080835826994,70.66298698787095
73.92114228456914,18.621142284569135,21.371131565571336,0.6989337644824698,0.04163421466086692,0.1710870712539434,0.3718333006397492,61.00074170794857
73.92154308617235,18.621543086172345,24.014279310804035,0.2158235112968708,0.13347821982614727,-0.01652803731069974,0.19644871037436462,31.290739421364822
73.92194388777556,18.62194388777555,22.68129110497736,0.005360314784845277,-0.24211231456679772,0.12075097671201329,0.24293109590313752,27.109625376406576
73.92234468937876,18.622344689378757,19.641889653512067,0.02869251384755228,-0.36064392592717587,-0.12715608661968453,0.16780869934479992,59.76682827027031
73.92274549098197,18.622745490981963,21.040478800022456,0.585359568545725,0.3349302367992991,-0.09064238285244985,0.2921428126527532,86.60956336116915
73.92314629258517,18.62314629258517,28.216880228348845,0.45639625698463504,0.4844021807035521,-0.10669205184584785,0.39369433455244274,94.67337289233956
73.92354709418838,18.623547094188375,26.657752042103596,-0.008989591489488788,0.025690182302685827,0.00011855452766262875,0.28104792881301366,10.590580440375764
73.92394789579158,18.62394789579158,18.293913577652788,-0.024303874496502315,-0.3283207141516965,-0.31620924714621224,0.20734422523406468,15.482861259771985
73.92434869739479,18.624348697394787,18.554116116562742,0.5308722183132081,-0.22769267348063105,-0.3820158460763933,0.29434523379715855,94.47362587830797
73.924749498998,18.624749498997996,21.285204628343593,-0.034513294272225825,-0.48160932345253327,-0.21524203504528544,0.13687620353961627,73.65352283347926
73.9251503006012,18.625150300601202,29.030861003365935,0.6396740533613207,0.414298806560499,0.022808457641988078,0.36659772407961966,88.29938248297731
73.92555110220441,18.62555110220441,18.530611368210288,0.5356180044408466,-0.38224891710985887,-0.27888792872623097,0.2509251852339509,20.263263413534315
73.92595190380761,18.625951903807614,24.80709083041028,-0.02678609742229021,0.07651647551425356,0.004059459994950443,0.23480492261189265,58.758587110940184
73.92635270541082,18.62635270541082,22.584437831831437,-0.02364605732332728,-0.225944779312794,0.18194722766436233,0.2757594365360558,70.11395944174737
73.92675350701403,18.626753507014026,23.66421655062492,0.787975620651058,0.05417800251579341,-0.343659570526349,0.2874351588368208,68.01118854469726
73.92715430861723,18.627154308617232,24.3610390339293,0.23684371618050828,0.15142038835186422,0.0035612709350758,0.12153274186795392,40.81516908666981
73.92755511022044,18.627555110220438,25.930740365295627,0.23357793236020183,0.32974180370720163,-0.13374986841725728,0.30478516636702074,1.5394891691308477
73.92795591182364,18.627955911823648,18.182499381674223,0.6315196105317523,-0.2935787282393968,0.12088535262650324,0.1725795040946589,58.29260568042631
73.92835671342685,18.628356713426854,14.917346775969374,0.7525237196454728,-0.4890041713415195,-0.29371012633156846,0.314185789751977,25.310153917960875
73.92875751503006,18.62875751503006,17.615856987477347,0.7874009574405838,-0.3631143699311927,0.015575571335698757,0.34676043831525905,45.02542461428904
73.92915831663326,18.629158316633266,28.547002272520153,0.5780403667330475,0.4000186418481051,0.10286917378886618,0.34118755226575614,95.75810150838173
73.92955911823647,18.62955911823647,28.030351550410078,0.23863362697782417,0.37389007756251524,0.16676853168441397,0.26575029022236674,39.903531764243475
73.92995991983967,18.629959919839678,25.719847543369642,-0.024849354971198112,0.0974131021703083,0.009948816973787522,0.2560509676932254,83.98016066644267
73.9303607214429,18.630360721442884,22.57029057928975,0.5994322243346931,0.10051686043365338,-0.10169514159494358,0.14286278840182354,18.854060574925114
73.9307615230461,18.63076152304609,22.292761408606445,0.40256382476222463,0.16503667454625548,-0.029291655879271683,0.3326038451209407,67.24604980250288
73.9311623246493,18.631162324649296,21.66937841034384,0.2817998083222787,-0.3246287213765504,0.12134299068723098,0.18142281413401434,97.70069544389435
73.93156312625251,18.631563126252505,25.448768930804082,0.7157189465852625,0.4144119459249598,-0.057634152016702134,0.249008626845384,10.189310087293679
73.93196392785572,18.63196392785571,23.916596708157112,7.773407553619827e-05,-0.08122947510792689,-0.3817677641818979,0.18528222787825505,0.8319942227192012
73.93236472945893,18.632364729458917,26.904233664953402,0.34336259386177326,-0.11686147175050254,0.15856921730418672,0.14014850889990796,43.35827926326144
73.93276553106213,18.632765531062123,26.086215013923518,-0.08978171970932285,0.018917705282837538,0.013716050618936715,0.288867309067521,9.26254830513672
73.93316633266534,18.63316633266533,17.733000203634205,0.32179457779471365,-0.45303403322494495,0.0059080314663479405,0.11629961044687115,74.83843496762313
73.93356713426854,18.633567134268535,21.26993255268421,-0.04932705188634639,-0.3337166312439206,-0.2705949085613697,0.32459357023786006,91.45486638485589
73.93396793587175,18.63396793587174,29.06832410485251,0.006936124641264724,0.23803361642637044,-0.0046687178604056245,0.19527603857833503,43.402097270875885
73.93436873747495,18.634368737474947,20.96902418456094,0.005773622099394388,-0.41720133207487353,-0.1636813566075049,0.10004040790134561,25.871164215544095
73.93476953907816,18.634769539078157,21.45265776766555,0.48428927190445725,0.1031521094663882,-0.00926021377510472,0.253338741771169,43.44033190066098
73.93517034068137,18.635170340681363,20.975132541981612,0.571440391338881,-0.25465089031867905,-0.33604418181520557,0.11405557255828094,72.3447817850001
73.93557114228457,18.63557114228457,20.76558056917406,0.4250318885874437,-0.11070438595802345,-0.005292817238178371,0.18285086734626987,0.9054161580370979
73.93597194388778,18.635971943887775,21.86710756389788,0.7659552936270878,-0.21130626322930013,0.19964823546239996,0.3120929462367149,58.945398948469716
73.93637274549098,18.63637274549098,23.989881655364798,0.23738352157133366,-0.14432728353505087,-0.3710727766836664,0.11880688648655977,61.329168488737906
73.93677354709419,18.636773547094187,25.733771820085956,0.15714087765367465,0.2190459051842455,0.1863045105327904,0.3518015477068007,63.76882468959355
73.9371743486974,18.637174348697393,21.48404562198185,0.6817392153705143,-0.20287828437682498,-0.15585522356627762,0.10114597679757494,24.202207998087722
73.9375751503006,18.6375751503006,25.25964839542254,0.10123625466750738,0.06640464029689719,0.12245207020235549,0.1740471607605707,71.40527233781268
73.93797595190381,18.637975951903805,22.205163107191577,0.7669002854965502,-0.023949597800900335,0.0694312904349641,0.32227121684562143,9.13914863317764
73.93837675350701,18.638376753507014,27.80911574346402,-0.0890609727791653,0.16367116536264814,-0.059790243407999266,0.19488104491879205,19.92703364668008
73.93877755511022,18.63877755511022,24.234307690576895,0.7728909440368752,0.436829739324758,0.04306952555079596,0.13056771641980408,87.74700466544819
73.93917835671343,18.639178356713426,26.666176619848716,-0.0611560792444815,0.2325720972102503,0.12710933678080882,0.2080701756401284,73.87231507265663
73.93957915831663,18.639579158316632,20.184201000637987,0.702028802328264,-0.28505962140924324,-0.1575158070093802,0.18111798591535766,1.3745554011345251
73.93997995991984,18.639979959919838,17.93501336156469,0.37493099817766984,-0.4688168649387153,-0.20378010306205677,0.35281357064816654,24.83762603698002
73.94038076152304,18.640380761523044,18.048826165598403,0.7936683165073704,-0.23773595570017492,0.000556031338150853,0.19400437527554296,21.440648299316457
73.94078156312625,18.64078156312625,24.686010896669224,-0.03358309173814103,0.09507793070025483,0.0847075651647552,0.3366797415328022,27.080632803697256
73.94118236472946,18.641182364729456,19.15731245342675,0.39846885596118875,-0.44857418651574965,0.05737108086596948,0.3675616434432205,24.755977027988642
73.94158316633266,18.641583166332666,24.195588440591134,0.7723722820571891,-0.0036337527987636564,0.07868818931518073,0.23014522587295888,6.252629574284574
73.94198396793587,18.64198396793587,22.513188819021817,0.3707880597531339,0.09684284891688921,-0.13865001111224018,0.37298294315631764,45.894051659682034
73.94238476953907,18.642384769539078,21.046474221570065,0.4664587743217363,-0.16575610918303918,0.09070052970501302,0.21319541618895788,73.27334747861651
73.94278557114228,18.642785571142284,27.196583770150582,0.5261738200861555,0.2709122037458219,-0.32787456677763493,0.3892235249470325,60.67317247174364
73.94318637274549,18.64318637274549,19.401085653014164,0.30908695829099586,-0.3934017468662282,-0.07330654122349023,0.1267868573576719,67.28716685980798
73.9435871743487,18.643587174348696,19.1059241513544,0.46480227207565716,-0.42486221826419124,-0.3965448037011271,0.3061057799509729,8.114917853623915
73.94398797595191,18.6439879759519,23.558882866161763,0.4258828807307903,0.22818875620360335,-0.20524850205983783,0.24814421213707863,95.14907101767872
73.94438877755512,18.644388777555108,22.042162760664006,0.7110422094418901,-0.004508683793801538,-0.18012307907716127,0.21629464163669415,83.84918338430248
73.94478957915832,18.644789579158314,26.898798855233977,-0.05909825769268792,0.18840239642773604,-0.16229638503444677,0.28981356362458033,80.50903184956627
73.94519038076153,18.645190380761523,25.06253402639222,0.15286687063300727,-0.06517266139625377,0.017280324013917325,0.3111571274902994,82.29838050417675
73.94559118236474,18.64559118236473,20.46824773139368,0.7553703356689029,-0.2535979667608932,-0.16686513923779256,0.10130898089509273,93.27105081327613
73.94599198396794,18.645991983967935,28.569181612260792,0.7012374055018247,0.3191023176741997,-0.13078382642648156,0.15008592662415962,54.42539661136977
73.94639278557115,18.64639278557114,27.313153161974448,0.3100910775071416,0.29941587896897925,-0.25747352147540353,0.31391381519029565,20.02820178676259
73.94679358717435,18.646793587174347,25.1450624933106,0.45811933802138305,0.19469647085442676,-0.17604892502239594,0.29991562407346195,61.678360785254114
73.94719438877756,18.647194388777553,22.264812501250535,0.1496430646830194,-0.2278548627700373,-0.2636382236421091,0.38981425153860316,74.2881493667939
73.94759519038077,18.64759519038076,25.02601201071791,0.06930904375138519,0.0902306668690871,-0.35608244573893383,0.32831133707523497,73.79173933540254
73.94799599198397,18.647995991983965,22.530821912362885,0.3173285644459839,-0.1390261030599732,-0.037930843971173245,0.3852318123194015,52.14490241668801
73.94839679358718,18.648396793587175,19.382633591940564,0.21801700522344755,-0.40841792667336585,0.0009276791330097844,0.3107621504604421,6.845871933357806
73.94879759519038,18.64879759519038,27.299374715697926,0.4252905006657849,0.4173135754622428,-0.028305792394231255,0.18941566259183296,37.11129384301278
73.94919839679359,18.649198396793587,23.49477674625912,-0.030038826731513646,-0.3631813690810386,-0.12190357371965654,0.13160947667525696,92.07666084633573
73.9495991983968,18.649599198396793,24.10778305579082,0.7769553268995498,0.45023735382080243,-0.1721285318924621,0.33454715900348075,58.4448909757426
73.95,18.65,22.231927221114912,0.7875896700316426,-0.05399422704204426,0.11800018974309523,0.2932447664427748,53.83319432557134
